id,first_name,last_name,email,gender,password
1,Ev,Middle,emiddle0@canalblog.com,Male,54.182.251.13
2,Frankie,Bargh,fbargh1@toplist.cz,Female,112.248.123.57
3,Andreana,Santo,asanto2@php.net,Female,157.102.250.237
4,Bernie,Tulip,btulip3@seesaa.net,Male,154.231.63.129
5,Pascal,Lacroix,placroix4@chicagotribune.com,Male,160.231.141.171
6,Natalina,Gurney,ngurney5@blogger.com,Female,207.22.197.63
7,Meredeth,Strongman,mstrongman6@homestead.com,Male,57.100.146.120
8,Matthiew,Kemmey,mkemmey7@weather.com,Male,121.24.6.118
9,Corabel,MacAiline,cmacailine8@who.int,Bigender,113.74.148.89
10,Helsa,Ridgers,hridgers9@oracle.com,Genderfluid,102.62.95.27
11,Brock,Pomfrett,bpomfretta@ibm.com,Male,153.193.63.5
12,Rosanna,Pharo,rpharob@ox.ac.uk,Female,240.4.75.183
13,Adrianne,Marjoribanks,amarjoribanksc@wisc.edu,Female,130.85.80.112
14,Normy,Brelsford,nbrelsfordd@quantcast.com,Male,164.238.139.105
15,Minnaminnie,Verity,mveritye@wired.com,Female,111.129.161.227
16,Ailbert,Abramovitz,aabramovitzf@spiegel.de,Male,195.250.245.175
17,Elset,Johansen,ejohanseng@skype.com,Non-binary,197.127.65.213
18,Hester,Rubinovitch,hrubinovitchh@youtu.be,Female,92.227.131.70
19,Anitra,Penella,apenellai@blinklist.com,Female,46.226.79.33
20,Cobbie,Hanley,chanleyj@ox.ac.uk,Male,144.41.240.177
21,Kiri,Tessyman,ktessymank@cnbc.com,Female,212.22.108.143
22,Barbi,Morville,bmorvillel@cyberchimps.com,Female,117.14.121.56
23,Kassi,Jannequin,kjannequinm@mapy.cz,Female,79.31.107.79
24,Dean,Rowlands,drowlandsn@t.co,Male,224.72.0.61
25,Hammad,Prestage,hprestageo@nytimes.com,Male,46.39.123.91
26,Valerie,O' Sullivan,vosullivanp@blogspot.com,Female,208.236.69.134
27,Teri,Whale,twhaleq@dropbox.com,Female,224.223.154.200
28,Anita,Gascar,agascarr@vimeo.com,Female,162.77.31.99
29,Audi,Cobley,acobleys@wp.com,Female,130.27.89.93
30,Gherardo,Cosgreave,gcosgreavet@scientificamerican.com,Male,150.35.65.210
31,Portia,Tilt,ptiltu@redcross.org,Female,177.85.23.152
32,Annora,Eberst,aeberstv@google.ru,Non-binary,67.183.155.19
33,Haroun,Finlater,hfinlaterw@clickbank.net,Polygender,207.29.139.146
34,Evin,Locke,elockex@blogger.com,Male,218.110.48.245
35,Lucais,Levitt,llevitty@google.com.au,Male,245.42.185.237
36,Gerek,Lambswood,glambswoodz@indiegogo.com,Male,209.46.93.57
37,Jesse,McHarry,jmcharry10@home.pl,Agender,54.78.24.4
38,Beckie,Hilldrup,bhilldrup11@wired.com,Female,61.102.255.249
39,Yvon,Taborre,ytaborre12@digg.com,Male,150.22.43.149
40,Merralee,Bruckman,mbruckman13@diigo.com,Female,199.217.19.103
41,Jesse,Ravenshaw,jravenshaw14@foxnews.com,Female,72.31.72.179
42,Irving,Neilan,ineilan15@wunderground.com,Male,120.249.215.249
43,Margit,Swoffer,mswoffer16@ifeng.com,Female,56.207.153.142
44,Krysta,Lillegard,klillegard17@ycombinator.com,Female,17.155.157.218
45,Marney,Forsdike,mforsdike18@fc2.com,Female,99.186.144.23
46,Marybelle,Buttrick,mbuttrick19@gnu.org,Female,250.123.68.108
47,Ximenez,Maddinon,xmaddinon1a@drupal.org,Male,96.156.40.103
48,Horatius,Brumby,hbrumby1b@yelp.com,Male,173.7.58.174
49,Dannel,Streeten,dstreeten1c@ning.com,Male,38.5.44.87
50,Elyse,Nanninini,enanninini1d@deliciousdays.com,Female,24.12.33.4
51,Gayleen,Minghi,gminghi1e@goodreads.com,Female,107.134.220.32
52,Hanni,Raiker,hraiker1f@usnews.com,Female,93.37.91.67
53,Tull,Edess,tedess1g@seesaa.net,Male,211.42.179.42
54,Tallie,Clarage,tclarage1h@google.fr,Genderqueer,244.157.71.97
55,Vonni,Mayhew,vmayhew1i@behance.net,Female,26.223.179.141
56,Norrie,Sharvell,nsharvell1j@goo.ne.jp,Male,157.195.43.13
57,Cathi,Flobert,cflobert1k@squarespace.com,Female,160.82.76.39
58,Rozelle,Haryngton,rharyngton1l@time.com,Polygender,106.183.8.69
59,Darcee,Lissenden,dlissenden1m@4shared.com,Female,9.10.121.10
60,August,Cubbini,acubbini1n@t.co,Male,252.140.123.176
61,Marquita,Greave,mgreave1o@wiley.com,Female,173.61.24.111
62,Annalee,Whieldon,awhieldon1p@theglobeandmail.com,Female,254.32.176.66
63,Waldo,Wettern,wwettern1q@unc.edu,Male,188.74.233.74
64,Patrick,Iveans,piveans1r@smugmug.com,Male,56.86.65.153
65,Ilario,Sewell,isewell1s@cornell.edu,Bigender,35.214.227.168
66,Pierette,de Grey,pdegrey1t@foxnews.com,Female,134.87.6.152
67,Ferguson,Narducci,fnarducci1u@miitbeian.gov.cn,Male,124.212.237.224
68,Adele,Fitch,afitch1v@geocities.jp,Female,247.189.182.70
69,Lou,Crackel,lcrackel1w@kickstarter.com,Male,122.234.44.140
70,Penni,Affron,paffron1x@rambler.ru,Female,225.157.132.14
71,Allyce,Kleinfeld,akleinfeld1y@t.co,Female,240.212.254.16
72,Mel,Speir,mspeir1z@nyu.edu,Female,36.93.163.122
73,Fritz,Haddon,fhaddon20@hatena.ne.jp,Male,234.120.243.31
74,Babbette,Whife,bwhife21@pen.io,Female,228.201.157.173
75,Trent,Fouracre,tfouracre22@networksolutions.com,Male,55.165.246.55
76,Angelica,Traut,atraut23@va.gov,Female,100.2.28.177
77,Rozina,Gyorgy,rgyorgy24@arstechnica.com,Female,245.154.248.251
78,Dannel,Ayres,dayres25@psu.edu,Male,204.198.217.6
79,Hewitt,Choat,hchoat26@dailymotion.com,Male,40.95.64.15
80,Andre,Sylett,asylett27@google.com.hk,Male,98.45.103.18
81,Rawley,Esmonde,resmonde28@goo.ne.jp,Male,100.44.45.151
82,Salome,Matelaitis,smatelaitis29@com.com,Female,220.181.86.50
83,Gunar,Stack,gstack2a@google.com.br,Male,210.49.249.221
84,Cornelius,Reddington,creddington2b@ft.com,Male,41.104.109.96
85,Iris,Simner,isimner2c@51.la,Female,226.11.145.98
86,Kamila,Faers,kfaers2d@blogspot.com,Female,47.116.69.234
87,Becki,Sedman,bsedman2e@google.ca,Genderfluid,196.132.169.153
88,Sherwynd,Bogges,sbogges2f@shop-pro.jp,Male,196.60.165.96
89,Rita,Tredinnick,rtredinnick2g@aboutads.info,Female,236.149.205.159
90,Fin,Allon,fallon2h@mtv.com,Male,198.200.57.186
91,Clareta,Dysert,cdysert2i@cpanel.net,Female,51.255.183.43
92,Boonie,Meneyer,bmeneyer2j@goo.ne.jp,Male,71.195.14.236
93,Luciana,Reyson,lreyson2k@bing.com,Female,28.115.218.8
94,Emlynn,Semonin,esemonin2l@mac.com,Female,149.214.200.255
95,Josephina,Feltoe,jfeltoe2m@mozilla.org,Female,193.118.14.175
96,Aime,Cunliffe,acunliffe2n@unicef.org,Female,118.80.157.151
97,Harlene,Overstall,hoverstall2o@example.com,Agender,103.27.203.229
98,Heinrik,Daynter,hdaynter2p@hp.com,Male,147.1.211.200
99,Valida,Naulls,vnaulls2q@webs.com,Genderfluid,163.61.186.120
100,Arleta,Kupisz,akupisz2r@ox.ac.uk,Female,163.82.239.114
101,Mic,Coyne,mcoyne2s@timesonline.co.uk,Male,166.111.241.138
102,Edie,MacCurtain,emaccurtain2t@mail.ru,Female,190.240.211.166
103,Dru,Adami,dadami2u@weibo.com,Genderfluid,16.127.69.140
104,Lizzy,Accombe,laccombe2v@yale.edu,Genderqueer,30.48.82.175
105,Carole,Malbon,cmalbon2w@netvibes.com,Female,211.174.234.249
106,Bette-ann,Willshee,bwillshee2x@va.gov,Female,204.246.13.36
107,Jerrilyn,Pockett,jpockett2y@arstechnica.com,Female,22.99.1.162
108,Cly,Castledine,ccastledine2z@hud.gov,Male,30.177.69.5
109,Kylynn,Redwood,kredwood30@house.gov,Female,228.94.28.179
110,Sutherlan,Brunone,sbrunone31@berkeley.edu,Male,250.172.206.58
111,Kalli,Clewett,kclewett32@ustream.tv,Female,65.247.145.196
112,Giff,Lamzed,glamzed33@fda.gov,Male,129.179.34.12
113,Archibald,Spafford,aspafford34@google.fr,Male,249.116.250.247
114,Vittoria,Jocelyn,vjocelyn35@shop-pro.jp,Female,243.187.34.219
115,Helenka,Buscher,hbuscher36@thetimes.co.uk,Female,29.126.222.241
116,Ev,Lanning,elanning37@ezinearticles.com,Male,37.203.27.120
117,Marillin,Stenhouse,mstenhouse38@people.com.cn,Female,153.228.44.134
118,Gerry,Isworth,gisworth39@ovh.net,Female,220.245.19.13
119,Rozalin,Ronchi,rronchi3a@pinterest.com,Genderqueer,146.127.184.153
120,Archie,Ellissen,aellissen3b@salon.com,Male,163.64.230.60
121,Rey,Riggoll,rriggoll3c@walmart.com,Male,184.46.71.23
122,Bing,Fawloe,bfawloe3d@wufoo.com,Male,180.101.23.187
123,Jennie,Cruttenden,jcruttenden3e@w3.org,Female,132.169.17.195
124,Skippy,Elverstone,selverstone3f@flickr.com,Male,29.83.237.25
125,Clemens,Candy,ccandy3g@booking.com,Male,238.225.197.55
126,Sheryl,Goodlett,sgoodlett3h@shop-pro.jp,Female,179.49.254.92
127,Derwin,Lundbech,dlundbech3i@google.nl,Male,216.135.182.95
128,Cally,Garroch,cgarroch3j@goodreads.com,Female,234.120.164.155
129,Jaquelin,Fealy,jfealy3k@behance.net,Female,9.231.195.163
130,Maris,Van Leeuwen,mvanleeuwen3l@cbc.ca,Female,153.75.221.65
131,Giacomo,Sandells,gsandells3m@ft.com,Male,145.27.7.68
132,Dory,Gytesham,dgytesham3n@seattletimes.com,Female,60.195.142.239
133,Haroun,Grigoryov,hgrigoryov3o@google.it,Male,249.26.159.197
134,Reagen,Moro,rmoro3p@ask.com,Male,28.187.16.3
135,Margarette,Wash,mwash3q@com.com,Female,17.128.58.145
136,Devonne,Purdon,dpurdon3r@redcross.org,Female,251.195.166.22
137,Robinette,Booton,rbooton3s@thetimes.co.uk,Female,31.244.56.70
138,Orsola,Smieton,osmieton3t@thetimes.co.uk,Genderfluid,95.32.22.38
139,Abram,Dunridge,adunridge3u@oakley.com,Male,128.187.70.250
140,Pierce,Rainford,prainford3v@ning.com,Male,6.164.6.79
141,Terrye,Maybery,tmaybery3w@tripod.com,Female,143.92.218.212
142,Tamarah,Bulgen,tbulgen3x@rakuten.co.jp,Female,162.222.22.247
143,Chad,Muge,cmuge3y@clickbank.net,Male,1.57.134.160
144,Tanitansy,Di Meo,tdimeo3z@wordpress.com,Female,114.119.125.169
145,Johnna,Ruck,jruck40@latimes.com,Female,73.201.152.65
146,Derwin,Cucuzza,dcucuzza41@eventbrite.com,Male,228.141.0.132
147,Vivia,Geaves,vgeaves42@instagram.com,Female,151.15.146.5
148,Arlene,Tamburo,atamburo43@mac.com,Female,58.150.110.112
149,Steffane,Dunnet,sdunnet44@netscape.com,Genderqueer,29.25.192.143
150,Allistir,Reavey,areavey45@discovery.com,Male,120.17.221.44
151,Ali,MacBain,amacbain46@usnews.com,Male,245.98.75.120
152,Ferdinand,Maggill'Andreis,fmaggillandreis47@comsenz.com,Male,186.145.144.155
153,Glynnis,Stopp,gstopp48@slideshare.net,Female,137.168.124.102
154,Fabio,Fairham,ffairham49@sourceforge.net,Male,41.164.254.73
155,Ede,Dowry,edowry4a@goo.ne.jp,Female,37.183.202.43
156,Arny,Pitkin,apitkin4b@washingtonpost.com,Male,204.239.192.205
157,Phillipp,Frankom,pfrankom4c@biblegateway.com,Male,170.168.124.104
158,Rowe,Hackforth,rhackforth4d@nationalgeographic.com,Female,135.213.99.204
159,Issiah,Laying,ilaying4e@cisco.com,Male,136.28.8.128
160,Drucie,Reynard,dreynard4f@altervista.org,Genderfluid,82.163.190.109
161,Artair,Caraher,acaraher4g@boston.com,Male,159.21.224.114
162,Candi,O'Bruen,cobruen4h@wordpress.com,Female,98.66.158.157
163,Dominica,Slaymaker,dslaymaker4i@pen.io,Female,253.122.48.138
164,Theodore,Mabbot,tmabbot4j@reuters.com,Male,184.197.86.39
165,Jamal,Paxeford,jpaxeford4k@engadget.com,Male,111.226.134.209
166,Germaine,Lycett,glycett4l@aol.com,Female,224.206.145.126
167,Dimitry,Flewan,dflewan4m@ovh.net,Male,73.22.129.67
168,Ernaline,Follett,efollett4n@diigo.com,Female,7.242.55.205
169,Mellicent,Seagrave,mseagrave4o@tmall.com,Female,244.67.205.174
170,Selia,Marler,smarler4p@ca.gov,Female,230.95.154.165
171,Rossy,Bucknall,rbucknall4q@mysql.com,Male,224.142.81.104
172,Pete,Robertot,probertot4r@wordpress.org,Male,102.184.243.164
173,Elenore,Truckett,etruckett4s@ihg.com,Genderqueer,6.134.233.91
174,Durant,Farress,dfarress4t@icio.us,Male,145.128.58.67
175,Holt,Ashborne,hashborne4u@shutterfly.com,Male,237.37.231.26
176,Ive,Masser,imasser4v@w3.org,Male,232.199.213.245
177,Sutton,Neubigging,sneubigging4w@about.com,Male,3.176.244.188
178,Ardelis,De Malchar,ademalchar4x@homestead.com,Female,26.177.153.145
179,My,Culkin,mculkin4y@mac.com,Male,142.121.102.23
180,Duffie,Manton,dmanton4z@mapy.cz,Male,27.172.43.26
181,Inglebert,Robberts,irobberts50@cbsnews.com,Male,91.187.22.165
182,Page,Laidlow,plaidlow51@cdc.gov,Male,44.65.253.31
183,Whitaker,Chue,wchue52@gnu.org,Male,250.152.18.106
184,Rafa,Saylor,rsaylor53@abc.net.au,Female,32.151.125.41
185,Frederick,Pyett,fpyett54@cam.ac.uk,Male,50.104.118.125
186,Vanny,Wint,vwint55@gizmodo.com,Female,5.189.84.24
187,Anatollo,Blackden,ablackden56@amazonaws.com,Male,105.147.127.165
188,Bernard,Grishankov,bgrishankov57@scientificamerican.com,Male,87.57.58.140
189,Murray,Twentyman,mtwentyman58@nydailynews.com,Male,208.119.24.119
190,Cariotta,Bertot,cbertot59@bloglines.com,Female,82.103.86.120
191,Saxon,Adey,sadey5a@redcross.org,Male,21.58.231.135
192,Antonius,Seywood,aseywood5b@chron.com,Male,124.118.157.200
193,Timothee,McCrackan,tmccrackan5c@foxnews.com,Male,12.71.27.88
194,Fabian,Drennan,fdrennan5d@europa.eu,Male,99.117.251.101
195,Corrianne,Turrell,cturrell5e@irs.gov,Polygender,173.177.215.109
196,Ewen,Habershon,ehabershon5f@buzzfeed.com,Male,16.173.17.137
197,Gaby,Dumblton,gdumblton5g@msu.edu,Female,241.199.174.196
198,Veriee,Barter,vbarter5h@t-online.de,Female,206.61.163.57
199,Abra,Dawidowsky,adawidowsky5i@netlog.com,Female,218.248.192.172
200,Terrance,Philpault,tphilpault5j@wikipedia.org,Non-binary,185.7.194.77
201,Pincus,Acres,pacres5k@chronoengine.com,Male,1.75.242.231
202,Ari,Perschke,aperschke5l@msn.com,Male,16.14.132.171
203,Angus,Menicomb,amenicomb5m@g.co,Male,8.57.67.236
204,Pren,Bottell,pbottell5n@usa.gov,Male,39.159.108.36
205,Mandi,Newens,mnewens5o@tmall.com,Female,102.181.158.177
206,Marleen,Lethardy,mlethardy5p@epa.gov,Female,197.140.212.27
207,Mick,Liver,mliver5q@ebay.com,Male,152.195.179.253
208,Des,Bayman,dbayman5r@ameblo.jp,Male,52.140.10.237
209,Haywood,Farndell,hfarndell5s@reverbnation.com,Male,103.174.62.178
210,Maurita,Roullier,mroullier5t@bloglines.com,Female,44.251.232.79
211,Helli,Olifard,holifard5u@wunderground.com,Agender,111.194.254.73
212,Arley,Sporgeon,asporgeon5v@spiegel.de,Male,13.191.148.129
213,Mufinella,Dunthorn,mdunthorn5w@fda.gov,Female,255.102.145.144
214,Catina,Eaglestone,ceaglestone5x@infoseek.co.jp,Female,209.88.189.138
215,Lowe,Easseby,leasseby5y@apple.com,Male,134.227.233.74
216,Viki,Denton,vdenton5z@feedburner.com,Female,230.210.92.185
217,Paule,Form,pform60@canalblog.com,Female,184.4.100.66
218,Rosa,Haney,rhaney61@list-manage.com,Female,102.218.79.193
219,Nola,Enright,nenright62@slate.com,Female,209.231.72.59
220,Legra,Hayselden,lhayselden63@indiegogo.com,Female,4.22.113.100
221,Sheena,Simla,ssimla64@cdc.gov,Polygender,71.125.171.31
222,Eberhard,Jandac,ejandac65@ucoz.com,Male,231.45.21.54
223,Conney,Dudhill,cdudhill66@example.com,Male,40.216.2.32
224,Jania,Speight,jspeight67@columbia.edu,Female,141.117.86.68
225,Iolanthe,Rogers,irogers68@bbb.org,Female,89.129.58.67
226,Che,Borleace,cborleace69@wikispaces.com,Male,91.86.207.146
227,Aleta,Jerzycowski,ajerzycowski6a@yahoo.co.jp,Female,123.169.15.236
228,Deanna,Cremen,dcremen6b@yolasite.com,Female,67.66.252.109
229,Melina,Vankeev,mvankeev6c@mail.ru,Female,82.53.69.167
230,Fitzgerald,Boylan,fboylan6d@thetimes.co.uk,Genderqueer,135.164.158.170
231,Britte,Richarz,bricharz6e@examiner.com,Female,15.20.137.40
232,Andree,Woodstock,awoodstock6f@wix.com,Female,53.152.60.163
233,Patrice,Bloodworth,pbloodworth6g@php.net,Male,74.0.191.242
234,Jocelyne,Llewellen,jllewellen6h@un.org,Female,162.136.202.245
235,Trenna,Yurenin,tyurenin6i@fc2.com,Female,231.249.12.175
236,Nikolas,Scurfield,nscurfield6j@deviantart.com,Bigender,49.252.159.144
237,Farah,Merrall,fmerrall6k@google.it,Female,70.8.21.177
238,Fritz,Polack,fpolack6l@nationalgeographic.com,Male,74.50.180.96
239,Kirstyn,Elflain,kelflain6m@posterous.com,Female,111.183.159.182
240,Griselda,Brammer,gbrammer6n@t.co,Female,161.195.123.218
241,Gerick,Leggitt,gleggitt6o@squidoo.com,Male,87.132.211.149
242,Cheston,Doubleday,cdoubleday6p@patch.com,Male,231.23.124.151
243,Kala,Earengey,kearengey6q@apple.com,Female,204.149.132.134
244,Petr,Pendlington,ppendlington6r@studiopress.com,Male,13.81.240.114
245,Chevalier,Spellissy,cspellissy6s@odnoklassniki.ru,Male,167.169.191.50
246,Aristotle,Charlo,acharlo6t@google.nl,Male,164.126.170.175
247,Storm,Bennit,sbennit6u@whitehouse.gov,Female,72.139.169.184
248,Lorine,Olland,lolland6v@yale.edu,Female,28.86.10.106
249,Chane,Turneux,cturneux6w@cbsnews.com,Male,229.214.143.183
250,Hazel,Lightwing,hlightwing6x@eepurl.com,Female,105.248.189.11
251,Jermayne,Haddleton,jhaddleton6y@vimeo.com,Male,162.89.69.55
252,Devlen,Arghent,darghent6z@domainmarket.com,Male,163.221.187.220
253,Krystalle,Doylend,kdoylend70@shop-pro.jp,Female,77.227.145.163
254,King,Chatenet,kchatenet71@blogs.com,Male,234.122.118.230
255,Lorianna,Jerschke,ljerschke72@bandcamp.com,Female,111.71.186.26
256,Giorgi,Shugg,gshugg73@ox.ac.uk,Male,75.152.149.114
257,Hyacintha,Dedman,hdedman74@printfriendly.com,Female,80.100.79.49
258,Florenza,Whitta,fwhitta75@marriott.com,Female,31.95.153.128
259,Giusto,Duggon,gduggon76@walmart.com,Male,147.128.62.133
260,Ruben,Folke,rfolke77@home.pl,Bigender,216.208.179.166
261,Ondrea,Sapwell,osapwell78@opera.com,Female,139.101.238.83
262,Billie,D'Errico,bderrico79@sohu.com,Female,143.22.105.13
263,Ezmeralda,Rorke,erorke7a@discuz.net,Female,57.213.134.221
264,Ade,Buckley,abuckley7b@mapy.cz,Male,89.129.133.161
265,Luz,Lowis,llowis7c@umich.edu,Female,250.196.2.107
266,Waverley,Moyles,wmoyles7d@smh.com.au,Male,184.154.37.113
267,Eric,Lawford,elawford7e@abc.net.au,Genderfluid,235.85.151.113
268,Calida,Domeny,cdomeny7f@ucoz.com,Genderqueer,247.26.50.65
269,Dalton,Lambertini,dlambertini7g@guardian.co.uk,Male,188.245.16.240
270,Dwight,Charge,dcharge7h@umn.edu,Male,58.90.38.11
271,Corabella,Purshouse,cpurshouse7i@ted.com,Female,146.153.29.84
272,Gabriello,Rogeon,grogeon7j@ted.com,Male,16.223.133.179
273,Don,Rumbelow,drumbelow7k@t-online.de,Male,156.238.236.220
274,Gwenore,Meineking,gmeineking7l@ameblo.jp,Female,157.123.210.145
275,Oberon,Morey,omorey7m@hao123.com,Male,171.96.7.68
276,Meggy,Huikerby,mhuikerby7n@cbslocal.com,Genderfluid,110.23.96.58
277,Justinian,Jarrold,jjarrold7o@people.com.cn,Male,84.246.245.140
278,Patience,Abbots,pabbots7p@macromedia.com,Female,250.197.144.22
279,Ronny,Hodge,rhodge7q@prweb.com,Male,226.51.218.54
280,Cosetta,Brewitt,cbrewitt7r@opensource.org,Genderqueer,136.186.12.159
281,Sheilah,Hetterich,shetterich7s@sogou.com,Female,129.245.231.79
282,Adelheid,Selwyn,aselwyn7t@scientificamerican.com,Female,6.88.231.122
283,Merrie,McVane,mmcvane7u@redcross.org,Female,55.209.54.181
284,Sim,Bursnall,sbursnall7v@hp.com,Male,255.73.144.200
285,Christabella,Portchmouth,cportchmouth7w@taobao.com,Female,211.123.89.150
286,Cheryl,Goldbourn,cgoldbourn7x@so-net.ne.jp,Female,251.134.27.110
287,Denise,Verriour,dverriour7y@plala.or.jp,Female,107.5.251.191
288,Olenka,Minors,ominors7z@qq.com,Female,106.213.234.134
289,Marketa,Borell,mborell80@sciencedaily.com,Female,28.126.214.136
290,Sidney,Mussilli,smussilli81@dagondesign.com,Male,227.91.167.250
291,Mikaela,Wannell,mwannell82@bbc.co.uk,Genderqueer,204.179.108.89
292,Caryl,McLinden,cmclinden83@blinklist.com,Female,108.251.194.170
293,Delcine,Bernon,dbernon84@google.de,Female,72.85.238.15
294,Jayson,Goutcher,jgoutcher85@omniture.com,Male,183.241.114.15
295,Reginauld,Farfalameev,rfarfalameev86@china.com.cn,Male,197.158.198.11
296,Alain,Cordelle,acordelle87@omniture.com,Male,244.117.174.46
297,Sibel,Justice,sjustice88@exblog.jp,Female,190.138.157.190
298,Gerry,Gummery,ggummery89@dailymotion.com,Male,12.161.209.86
299,Baird,Corpe,bcorpe8a@wp.com,Male,120.36.181.56
300,Washington,Comellini,wcomellini8b@facebook.com,Male,215.22.99.176
301,Aubree,Freestone,afreestone8c@prlog.org,Female,53.202.253.101
302,Eugenia,Washtell,ewashtell8d@youtube.com,Female,122.246.49.152
303,Sosanna,Lackham,slackham8e@admin.ch,Female,82.15.2.212
304,Hugo,Pendergrast,hpendergrast8f@privacy.gov.au,Male,152.25.4.174
305,Dwight,Kite,dkite8g@examiner.com,Male,184.154.98.97
306,Mirabel,Eckly,meckly8h@disqus.com,Female,135.10.40.43
307,Austine,Burtt,aburtt8i@marriott.com,Female,75.226.48.212
308,Rafe,Flanagan,rflanagan8j@spotify.com,Male,192.2.218.7
309,Gerhardt,Pietrzyk,gpietrzyk8k@ning.com,Male,175.0.218.82
310,Nell,Bish,nbish8l@samsung.com,Female,17.63.167.36
311,Quint,Jerred,qjerred8m@deliciousdays.com,Male,100.11.153.201
312,Elana,Argente,eargente8n@apache.org,Genderqueer,224.224.31.54
313,Tobin,Bafford,tbafford8o@php.net,Male,2.227.160.250
314,Auroora,Gerrets,agerrets8p@sun.com,Female,211.30.104.59
315,Ryley,Moyce,rmoyce8q@ft.com,Male,115.156.70.233
316,Brande,Shade,bshade8r@tmall.com,Polygender,164.61.1.20
317,Ambros,Frankes,afrankes8s@a8.net,Male,61.163.158.94
318,Aguste,Kruschov,akruschov8t@topsy.com,Male,101.237.67.50
319,Mohandas,Gouly,mgouly8u@soup.io,Male,152.253.249.135
320,Burr,Jobson,bjobson8v@cnbc.com,Male,54.45.61.2
321,Rayner,Trencher,rtrencher8w@oaic.gov.au,Male,17.110.65.223
322,Irena,Migheli,imigheli8x@com.com,Female,116.4.17.186
323,Irene,Dudley,idudley8y@msn.com,Female,34.41.164.231
324,Dukie,Forsdyke,dforsdyke8z@nifty.com,Male,114.167.188.220
325,Melanie,Holdren,mholdren90@parallels.com,Female,237.84.6.26
326,Danielle,Jaggard,djaggard91@youtu.be,Bigender,7.217.129.153
327,Bonnibelle,Deverille,bdeverille92@gmpg.org,Female,195.109.145.63
328,Barnebas,Bartolommeo,bbartolommeo93@hibu.com,Male,171.93.236.187
329,Marcello,Doblin,mdoblin94@redcross.org,Male,97.154.38.166
330,Tades,Blues,tblues95@woothemes.com,Male,168.214.30.91
331,Bethina,Laingmaid,blaingmaid96@alibaba.com,Female,64.241.109.245
332,Petronilla,Hayhow,phayhow97@phpbb.com,Female,163.166.191.1
333,Serge,Cousans,scousans98@webs.com,Male,146.26.228.184
334,Tyrone,Moyse,tmoyse99@wiley.com,Male,111.168.62.54
335,Abigail,Feldbau,afeldbau9a@house.gov,Bigender,97.167.2.225
336,Kennedy,Edgcombe,kedgcombe9b@psu.edu,Male,104.31.125.106
337,Brandy,Querree,bquerree9c@squarespace.com,Male,64.36.29.150
338,Levi,Brameld,lbrameld9d@utexas.edu,Male,170.80.151.229
339,Garvey,Derington,gderington9e@chicagotribune.com,Male,127.116.199.39
340,Moselle,Gilmartin,mgilmartin9f@nbcnews.com,Female,85.160.25.55
341,Ferrell,Furmagier,ffurmagier9g@naver.com,Male,106.216.135.41
342,Bonny,Hause,bhause9h@chicagotribune.com,Female,79.56.190.28
343,Brier,Wooster,bwooster9i@goo.gl,Female,74.234.206.185
344,Egan,Martinot,emartinot9j@howstuffworks.com,Male,181.148.173.255
345,Nickolaus,Million,nmillion9k@homestead.com,Male,46.204.124.206
346,Phillida,Audibert,paudibert9l@gizmodo.com,Female,66.187.4.95
347,Mikey,MacGibbon,mmacgibbon9m@cbslocal.com,Male,95.83.147.147
348,Marsh,Lacotte,mlacotte9n@java.com,Male,204.100.13.4
349,Jonathon,Paike,jpaike9o@dedecms.com,Male,59.226.37.21
350,Orelle,Reuble,oreuble9p@stumbleupon.com,Female,87.160.14.150
351,Sonia,McArdell,smcardell9q@ed.gov,Female,154.23.75.43
352,Avery,Gaffney,agaffney9r@opera.com,Male,94.126.55.131
353,Odelinda,Maty,omaty9s@tinyurl.com,Female,112.160.125.244
354,Steve,Haighton,shaighton9t@technorati.com,Male,119.205.127.234
355,Dorise,Dorrington,ddorrington9u@cdbaby.com,Female,111.41.198.112
356,Natala,Killner,nkillner9v@google.nl,Genderqueer,80.216.104.208
357,Marya,McColm,mmccolm9w@ted.com,Female,85.167.118.196
358,Jeanine,Schiersch,jschiersch9x@google.es,Female,202.73.103.95
359,Noemi,Bradock,nbradock9y@gmpg.org,Female,157.28.213.110
360,Casi,Sinson,csinson9z@mashable.com,Female,176.197.201.162
361,Yolane,Heard,yhearda0@slate.com,Female,240.111.215.135
362,Evelin,Hessenthaler,ehessenthalera1@sourceforge.net,Male,168.94.56.51
363,Lizzie,Buswell,lbuswella2@sphinn.com,Female,118.68.31.8
364,Jacenta,Hearne,jhearnea3@latimes.com,Non-binary,131.110.70.139
365,Samson,Learman,slearmana4@washingtonpost.com,Male,174.125.14.56
366,Wilburt,Rubinovitsch,wrubinovitscha5@symantec.com,Male,68.151.243.75
367,Emmeline,Winley,ewinleya6@biglobe.ne.jp,Female,106.119.18.142
368,Orbadiah,Sanz,osanza7@g.co,Male,235.113.122.26
369,Cyrillus,Gritland,cgritlanda8@reddit.com,Male,35.41.147.202
370,Corney,Thornham,cthornhama9@google.com.br,Male,217.139.253.64
371,Pietro,Siggers,psiggersaa@admin.ch,Male,59.4.232.24
372,Cody,McCromley,cmccromleyab@deviantart.com,Male,112.24.78.221
373,Drusie,Mawtus,dmawtusac@forbes.com,Female,90.42.197.219
374,Zollie,Goodhall,zgoodhallad@forbes.com,Male,131.236.123.84
375,Bernhard,Dummer,bdummerae@cdbaby.com,Male,89.237.162.251
376,Anne-corinne,Kiehl,akiehlaf@wikipedia.org,Female,86.201.79.23
377,Dunc,Kinglake,dkinglakeag@eepurl.com,Male,220.249.24.56
378,Alden,Livingstone,alivingstoneah@blogs.com,Male,162.154.173.64
379,Carin,Tackley,ctackleyai@dion.ne.jp,Female,251.128.105.185
380,Essie,Houson,ehousonaj@usnews.com,Female,187.236.109.154
381,Rachel,Hexum,rhexumak@sourceforge.net,Agender,147.185.170.87
382,Ivan,Wyeth,iwyethal@skyrock.com,Male,143.226.156.36
383,Penn,Trippack,ptrippackam@dropbox.com,Male,199.167.239.180
384,Flem,Niccols,fniccolsan@surveymonkey.com,Male,244.62.101.170
385,Grenville,Swyne,gswyneao@sogou.com,Male,153.42.49.234
386,Avrom,Kohter,akohterap@java.com,Male,195.73.186.41
387,Sal,Brigge,sbriggeaq@usda.gov,Female,70.36.4.228
388,Demetris,Greenhowe,dgreenhowear@google.com,Bigender,10.137.181.11
389,Delbert,Spada,dspadaas@businessweek.com,Agender,100.84.152.102
390,Marcos,Kivits,mkivitsat@latimes.com,Male,4.86.208.78
391,Leah,Gascone,lgasconeau@lycos.com,Female,192.69.94.234
392,Sigismondo,Thring,sthringav@jalbum.net,Male,182.167.162.229
393,Fredek,Kinnane,fkinnaneaw@ustream.tv,Male,153.2.238.189
394,Reinaldo,Forder,rforderax@unblog.fr,Male,48.8.160.242
395,Micah,Lamacraft,mlamacraftay@java.com,Male,255.114.54.85
396,Anna-maria,Feldon,afeldonaz@pbs.org,Female,11.7.46.106
397,Louisa,Thexton,lthextonb0@nps.gov,Female,51.47.67.107
398,Lizabeth,Deller,ldellerb1@hud.gov,Female,238.51.71.135
399,Sargent,Sherington,ssheringtonb2@earthlink.net,Male,74.64.194.4
400,Cly,Grancher,cgrancherb3@examiner.com,Male,73.65.11.87
401,Diannne,Farquhar,dfarquharb4@goo.gl,Female,98.72.129.137
402,Bobbe,Jurisch,bjurischb5@twitter.com,Female,5.94.124.59
403,Hunt,Kindleysides,hkindleysidesb6@gravatar.com,Male,82.169.193.74
404,Wilfrid,Pele,wpeleb7@yolasite.com,Male,184.106.249.160
405,Skipper,Feldbaum,sfeldbaumb8@state.tx.us,Male,214.251.232.159
406,Dolorita,Hane,dhaneb9@google.com,Female,225.96.196.55
407,Basil,Vanlint,bvanlintba@prlog.org,Male,47.115.131.55
408,Zola,Fossick,zfossickbb@symantec.com,Female,124.241.37.164
409,Clemmie,Groomebridge,cgroomebridgebc@networkadvertising.org,Female,74.59.180.51
410,Dulcea,De Hooge,ddehoogebd@networkadvertising.org,Female,207.15.128.232
411,Gweneth,Spottiswoode,gspottiswoodebe@newyorker.com,Female,90.14.238.54
412,Amara,Hakking,ahakkingbf@abc.net.au,Female,97.165.131.241
413,Chev,Deaville,cdeavillebg@barnesandnoble.com,Male,89.87.247.93
414,Sully,De Gregario,sdegregariobh@springer.com,Male,79.196.108.145
415,Keelia,Duly,kdulybi@flavors.me,Female,135.166.190.89
416,Dannel,Heber,dheberbj@mail.ru,Male,168.63.103.134
417,Hedvige,MacCaffrey,hmaccaffreybk@networkadvertising.org,Female,219.218.243.193
418,Bridie,Vasilchikov,bvasilchikovbl@infoseek.co.jp,Female,11.24.124.164
419,Art,Molan,amolanbm@twitpic.com,Male,177.24.170.36
420,Brynna,Ladbrook,bladbrookbn@epa.gov,Female,234.57.204.91
421,Staford,Matuszyk,smatuszykbo@aol.com,Male,127.46.53.94
422,Alidia,Davydzenko,adavydzenkobp@wikia.com,Female,215.162.125.7
423,Ardisj,Frackiewicz,afrackiewiczbq@goo.gl,Female,177.136.6.119
424,Dolf,Bragge,dbraggebr@gov.uk,Male,159.24.79.92
425,Saxe,Devinn,sdevinnbs@joomla.org,Male,8.229.185.193
426,Jo-ann,Faichney,jfaichneybt@reverbnation.com,Female,4.215.245.235
427,Terrance,Elegood,telegoodbu@cbsnews.com,Polygender,49.138.248.169
428,Eustacia,McCrillis,emccrillisbv@bloglines.com,Female,17.214.230.17
429,Elaine,Downing,edowningbw@opensource.org,Polygender,251.10.255.83
430,Earle,Innott,einnottbx@shop-pro.jp,Bigender,222.95.209.32
431,Carleton,Hyett,chyettby@home.pl,Male,189.154.45.62
432,Tammie,Paskins,tpaskinsbz@cnn.com,Female,168.77.28.53
433,Zaccaria,Morant,zmorantc0@cocolog-nifty.com,Male,59.162.8.116
434,Berk,Flips,bflipsc1@wiley.com,Male,10.197.197.30
435,Sebastien,Bierman,sbiermanc2@bizjournals.com,Male,84.229.199.10
436,Thurston,Hancox,thancoxc3@google.ru,Male,135.69.149.169
437,Abel,Luty,alutyc4@businessweek.com,Male,180.50.113.147
438,Manny,Stirgess,mstirgessc5@cisco.com,Male,59.236.84.151
439,Zerk,North,znorthc6@bloglines.com,Male,205.164.134.254
440,Catina,Endecott,cendecottc7@addthis.com,Female,126.111.22.191
441,Glenn,Ilyenko,gilyenkoc8@yahoo.com,Female,87.190.71.162
442,Dru,Shiels,dshielsc9@cdc.gov,Male,72.2.239.244
443,Cirstoforo,Celier,ccelierca@abc.net.au,Male,130.148.136.99
444,Ardith,Cattonnet,acattonnetcb@loc.gov,Female,99.156.132.35
445,Janean,Phlippsen,jphlippsencc@nbcnews.com,Female,6.113.71.39
446,Juliet,Sewell,jsewellcd@merriam-webster.com,Female,214.251.174.94
447,Nevin,Tointon,ntointonce@t.co,Male,49.172.128.104
448,Lindsy,Lomax,llomaxcf@yandex.ru,Female,168.86.58.47
449,Carmelita,Woodwind,cwoodwindcg@toplist.cz,Female,138.118.67.20
450,Noel,Poley,npoleych@senate.gov,Female,40.125.107.248
451,Lloyd,Leed,lleedci@mozilla.com,Male,31.97.78.153
452,Leigha,Erington,leringtoncj@ibm.com,Female,97.72.32.106
453,Nata,Donan,ndonanck@wufoo.com,Female,13.177.188.7
454,Corey,Ollett,collettcl@bandcamp.com,Female,124.251.224.200
455,Verene,Joul,vjoulcm@theguardian.com,Agender,117.201.75.57
456,Stanford,Gonzalez,sgonzalezcn@shop-pro.jp,Genderqueer,62.68.10.251
457,Delmor,Gockeler,dgockelerco@mediafire.com,Male,69.143.108.192
458,Averyl,Tickel,atickelcp@a8.net,Female,167.95.95.251
459,Angelina,O'Dooghaine,aodooghainecq@microsoft.com,Polygender,194.217.142.72
460,Giacopo,Avison,gavisoncr@theatlantic.com,Male,111.211.82.198
461,Percival,Wackley,pwackleycs@bbc.co.uk,Male,51.245.42.123
462,Alaric,Minnock,aminnockct@weather.com,Male,32.168.206.179
463,Holt,Anton,hantoncu@geocities.com,Male,82.198.48.207
464,Cal,Fozard,cfozardcv@pen.io,Agender,27.173.127.34
465,Brier,Mapledorum,bmapledorumcw@usa.gov,Female,146.253.5.72
466,Stella,Sustin,ssustincx@photobucket.com,Female,207.89.19.11
467,Conan,Letchford,cletchfordcy@youku.com,Male,223.248.238.206
468,Jonah,Betho,jbethocz@harvard.edu,Male,65.232.34.25
469,Fernando,Flaws,fflawsd0@exblog.jp,Male,255.222.7.204
470,Tamera,Reisk,treiskd1@huffingtonpost.com,Female,97.6.83.165
471,Page,Brabban,pbrabband2@noaa.gov,Female,52.28.6.74
472,Phaidra,Divis,pdivisd3@sakura.ne.jp,Female,204.38.67.12
473,Quincy,Trayte,qtrayted4@dagondesign.com,Male,104.91.174.189
474,Ferne,Stollhofer,fstollhoferd5@nasa.gov,Female,53.104.96.99
475,Esme,Woolstenholmes,ewoolstenholmesd6@booking.com,Female,88.170.83.147
476,Lauree,Holde,lholded7@icio.us,Female,155.56.182.60
477,Alisander,Naismith,anaismithd8@google.de,Male,243.61.50.235
478,Terrye,Gann,tgannd9@printfriendly.com,Female,161.225.67.229
479,Anett,Tickle,atickleda@networkadvertising.org,Female,211.102.219.205
480,Emlen,Hum,ehumdb@icq.com,Male,66.228.242.206
481,Junie,Burrells,jburrellsdc@indiegogo.com,Female,234.79.220.151
482,Nannie,Tatershall,ntatershalldd@umn.edu,Female,147.93.233.223
483,Samaria,Powrie,spowriede@plala.or.jp,Female,159.210.69.203
484,Evaleen,Swithenby,eswithenbydf@flavors.me,Female,12.43.179.146
485,Lusa,Peggrem,lpeggremdg@trellian.com,Polygender,47.207.173.250
486,Robby,Iaduccelli,riaduccellidh@slate.com,Male,164.142.183.191
487,Talia,Skull,tskulldi@weather.com,Female,137.46.23.16
488,Deonne,Gowlett,dgowlettdj@va.gov,Female,150.27.85.246
489,West,Kornes,wkornesdk@multiply.com,Male,80.239.56.113
490,Parnell,Prendeville,pprendevilledl@zdnet.com,Bigender,31.54.59.49
491,Auria,Kerwood,akerwooddm@theguardian.com,Female,26.229.41.186
492,Jobyna,Myring,jmyringdn@nationalgeographic.com,Female,191.52.23.158
493,Shirl,Forton,sfortondo@printfriendly.com,Female,173.61.73.184
494,Kelcy,Scimone,kscimonedp@meetup.com,Female,250.187.209.214
495,Berenice,Claw,bclawdq@msu.edu,Female,34.82.147.56
496,Daphene,Martine,dmartinedr@hugedomains.com,Female,120.37.82.197
497,Lynde,Matthensen,lmatthensends@paginegialle.it,Female,178.228.174.95
498,Sheri,Loosmore,sloosmoredt@ftc.gov,Female,191.72.54.88
499,Delmore,Arnholdt,darnholdtdu@bizjournals.com,Male,1.232.163.244
500,Ev,Drury,edrurydv@hud.gov,Male,109.135.166.194
501,Jeffry,Eve,jevedw@gnu.org,Male,36.194.46.8
502,Elyssa,Robker,erobkerdx@themeforest.net,Female,227.89.195.194
503,Maison,Sisselot,msisselotdy@foxnews.com,Male,242.250.157.206
504,Peder,Janusz,pjanuszdz@nydailynews.com,Male,242.234.12.106
505,Nelly,Pinfold,npinfolde0@spiegel.de,Female,37.205.226.185
506,Tedra,Lauridsen,tlauridsene1@indiegogo.com,Female,226.127.210.97
507,Ephrayim,Rydeard,erydearde2@lycos.com,Male,75.248.16.208
508,Pia,Teissier,pteissiere3@timesonline.co.uk,Female,130.118.113.161
509,Virgilio,Rhymes,vrhymese4@rediff.com,Male,47.214.44.38
510,Marline,Cunio,mcunioe5@ycombinator.com,Female,4.121.196.54
511,Sergent,Burburough,sburburoughe6@mozilla.com,Male,207.55.147.113
512,Sherman,Parham,sparhame7@networkadvertising.org,Male,12.177.102.182
513,Erie,Dungay,edungaye8@desdev.cn,Genderqueer,33.1.89.71
514,Korella,Fake,kfakee9@columbia.edu,Bigender,254.152.196.116
515,Wini,Wimms,wwimmsea@people.com.cn,Female,175.20.55.33
516,Madel,Winchcombe,mwinchcombeeb@eventbrite.com,Female,231.100.141.99
517,Luis,Simco,lsimcoec@cnn.com,Male,112.119.151.107
518,Renado,Reddyhoff,rreddyhoffed@ed.gov,Male,50.185.6.38
519,Kippy,Pavis,kpavisee@amazon.co.jp,Female,170.187.11.19
520,Zacharias,Errol,zerrolef@state.gov,Male,203.129.196.52
521,Shem,Gerardet,sgerardeteg@microsoft.com,Male,122.59.55.162
522,Keven,Golly,kgollyeh@geocities.jp,Male,7.238.196.194
523,Demetria,Bartoszek,dbartoszekei@ovh.net,Female,216.143.103.19
524,Arlen,Schultze,aschultzeej@noaa.gov,Male,217.242.41.186
525,Erie,Harvison,eharvisonek@bizjournals.com,Male,193.100.131.128
526,Beltran,Hansie,bhansieel@un.org,Male,250.162.161.163
527,Sigismund,Garfirth,sgarfirthem@seesaa.net,Male,57.54.162.14
528,Braden,Imrie,bimrieen@cdc.gov,Male,234.22.75.139
529,Germain,Peschke,gpeschkeeo@4shared.com,Female,66.143.5.44
530,Roi,Gavan,rgavanep@acquirethisname.com,Non-binary,31.121.151.204
531,Trever,Durtnell,tdurtnelleq@facebook.com,Male,39.68.171.121
532,Robinetta,Giraudeau,rgiraudeauer@npr.org,Polygender,147.247.249.231
533,Gabbi,Ivison,givisones@chicagotribune.com,Female,129.47.207.196
534,Hagen,Saket,hsaketet@paypal.com,Male,61.39.146.248
535,Milli,Penke,mpenkeeu@economist.com,Female,245.251.251.97
536,Frannie,Goncalo,fgoncaloev@google.it,Male,252.86.236.3
537,Pietrek,Daniell,pdaniellew@arstechnica.com,Male,132.109.197.24
538,Marmaduke,O'Kelly,mokellyex@jalbum.net,Male,125.206.67.50
539,Tremaine,Bletsor,tbletsorey@soup.io,Male,227.51.212.22
540,Kally,Staniland,kstanilandez@newyorker.com,Female,87.142.54.255
541,Donetta,Veall,dveallf0@artisteer.com,Female,211.202.250.34
542,Steve,Kemm,skemmf1@yolasite.com,Male,129.6.166.230
543,Giovanni,Roache,groachef2@mediafire.com,Male,108.110.56.74
544,Freddie,Episcopio,fepiscopiof3@epa.gov,Female,129.242.73.39
545,Evvy,Tilte,etiltef4@xrea.com,Female,2.131.226.189
546,Nikki,Clemerson,nclemersonf5@typepad.com,Bigender,195.169.210.55
547,Arri,MacInerney,amacinerneyf6@sakura.ne.jp,Male,128.252.118.228
548,Izak,Garden,igardenf7@squarespace.com,Male,42.111.6.27
549,Filippa,Mussotti,fmussottif8@tinyurl.com,Female,163.206.137.197
550,Lynette,Sabathe,lsabathef9@wp.com,Female,81.124.220.5
551,Chen,Gollop,cgollopfa@yahoo.co.jp,Male,186.68.183.196
552,Maryjane,Palethorpe,mpalethorpefb@salon.com,Female,161.30.110.0
553,Park,Smorthit,psmorthitfc@dailymotion.com,Male,1.168.235.189
554,Honor,Bretelle,hbretellefd@de.vu,Female,138.220.182.50
555,Alex,Lerohan,alerohanfe@nationalgeographic.com,Male,243.169.253.148
556,Warren,Stiell,wstiellff@freewebs.com,Male,170.181.148.253
557,Ricky,Campagne,rcampagnefg@si.edu,Male,137.122.60.100
558,Anson,Bleackly,ableacklyfh@latimes.com,Male,156.20.100.90
559,Tamarah,Euels,teuelsfi@seesaa.net,Female,165.237.180.70
560,Tammy,Dyne,tdynefj@youtube.com,Male,241.195.69.79
561,Lexis,Thornborrow,lthornborrowfk@booking.com,Female,72.205.105.84
562,Toddy,Swayland,tswaylandfl@china.com.cn,Male,31.5.246.143
563,Maynard,Leneve,mlenevefm@soundcloud.com,Male,150.225.36.186
564,Rolando,Neumann,rneumannfn@wikimedia.org,Male,183.213.104.208
565,Shaine,Ancketill,sancketillfo@ucla.edu,Male,63.101.121.14
566,Thibaud,Kildea,tkildeafp@vkontakte.ru,Male,144.169.32.158
567,Winifield,Cannicott,wcannicottfq@com.com,Male,9.208.172.146
568,Mallissa,Jaffa,mjaffafr@sphinn.com,Female,98.126.187.167
569,Bari,MacElane,bmacelanefs@sciencedirect.com,Female,242.11.219.122
570,Caterina,Stanger,cstangerft@wiley.com,Female,14.135.232.135
571,Kittie,Mordaunt,kmordauntfu@admin.ch,Genderqueer,226.20.201.31
572,Miles,Sibery,msiberyfv@symantec.com,Male,41.98.248.199
573,Lanny,Kiff,lkifffw@usgs.gov,Female,158.26.100.210
574,Isak,Prichard,iprichardfx@xrea.com,Male,45.3.38.42
575,Derek,Boycott,dboycottfy@gov.uk,Male,107.196.94.65
576,Bunnie,Luckham,bluckhamfz@drupal.org,Female,203.255.124.171
577,Humfrey,Robbel,hrobbelg0@google.ca,Male,111.16.8.81
578,Rakel,Dominik,rdominikg1@mozilla.org,Female,185.66.140.161
579,Lazaro,Jermy,ljermyg2@apache.org,Male,234.66.23.66
580,Karoly,Siely,ksielyg3@salon.com,Male,33.87.247.21
581,Muriel,Eccleshall,meccleshallg4@github.com,Female,78.77.57.28
582,Fonsie,Gubbin,fgubbing5@wikia.com,Male,196.148.14.47
583,Alfy,Joscelyn,ajoscelyng6@ca.gov,Agender,2.141.136.121
584,Saba,Soppeth,ssoppethg7@usatoday.com,Female,64.24.109.51
585,Fergus,Ewing,fewingg8@youku.com,Male,108.131.12.102
586,Ferdinand,Elijahu,felijahug9@nydailynews.com,Male,112.93.2.12
587,Demetris,Puttrell,dputtrellga@technorati.com,Male,234.27.80.83
588,Galina,Zoane,gzoanegb@boston.com,Female,174.11.11.104
589,Eldon,Paylor,epaylorgc@ycombinator.com,Male,173.138.92.32
590,Winonah,Franklin,wfranklingd@t-online.de,Female,78.224.240.40
591,Berke,Enrigo,benrigoge@nature.com,Male,96.183.18.62
592,Sancho,Rubinsztein,srubinszteingf@sfgate.com,Polygender,245.242.2.236
593,Lynea,Buckam,lbuckamgg@e-recht24.de,Female,73.130.218.254
594,Brina,Chenery,bchenerygh@seattletimes.com,Female,21.212.168.128
595,Theodor,Montgomery,tmontgomerygi@uol.com.br,Male,142.47.51.86
596,Nyssa,Digginson,ndigginsongj@narod.ru,Female,203.208.131.33
597,Cicely,Glantz,cglantzgk@soundcloud.com,Female,248.37.246.210
598,Dalenna,Everton,devertongl@ezinearticles.com,Female,81.112.129.193
599,Coralyn,Beisley,cbeisleygm@usa.gov,Female,113.206.174.27
600,Con,Castagne,ccastagnegn@ebay.com,Male,44.97.237.249
601,Rahel,Logsdale,rlogsdalego@posterous.com,Female,200.246.143.120
602,Engracia,Ellens,eellensgp@free.fr,Female,2.212.36.71
603,Murry,De Vaux,mdevauxgq@hibu.com,Male,241.35.160.215
604,Bennett,Malam,bmalamgr@cbc.ca,Male,37.251.200.77
605,Silas,Toal,stoalgs@wiley.com,Male,8.90.63.181
606,Kissie,Torresi,ktorresigt@oracle.com,Bigender,31.23.82.32
607,Diane-marie,Whife,dwhifegu@e-recht24.de,Female,164.145.246.81
608,Leora,Whyberd,lwhyberdgv@home.pl,Female,102.23.106.92
609,Pen,Giacubbo,pgiacubbogw@businessweek.com,Male,91.40.137.89
610,Rorke,Epsley,repsleygx@hugedomains.com,Male,76.125.17.50
611,Olympia,Larne,olarnegy@nytimes.com,Female,52.169.83.232
612,Baxy,Teather,bteathergz@ifeng.com,Non-binary,19.75.188.171
613,Stefanie,Davis,sdavish0@rakuten.co.jp,Female,98.187.193.115
614,Noelyn,Ludmann,nludmannh1@go.com,Female,123.19.69.177
615,Gusta,Eltune,geltuneh2@free.fr,Female,16.101.206.250
616,Gregorio,Hoyland,ghoylandh3@blogs.com,Male,154.208.165.148
617,Anthia,Lovegrove,alovegroveh4@ning.com,Female,117.218.117.73
618,Loralyn,Honeywood,lhoneywoodh5@baidu.com,Female,32.251.15.249
619,Reynold,Kerswell,rkerswellh6@ft.com,Male,252.7.230.95
620,Glynis,Wilcott,gwilcotth7@fda.gov,Female,107.160.72.90
621,Julie,Dodding,jdoddingh8@about.com,Male,241.74.25.42
622,Terri,Featenby,tfeatenbyh9@foxnews.com,Genderqueer,16.133.108.72
623,Lainey,Seavers,lseaversha@google.de,Female,215.131.218.238
624,Abel,Rheaume,arheaumehb@bizjournals.com,Male,3.44.26.17
625,Shaw,Petlyura,spetlyurahc@wp.com,Male,54.67.139.59
626,Byrle,Tilling,btillinghd@tuttocitta.it,Male,159.122.104.113
627,Ker,Wareham,kwarehamhe@hexun.com,Male,98.23.12.175
628,Hendrik,Hidderley,hhidderleyhf@theglobeandmail.com,Male,238.176.51.218
629,Diego,Quiddinton,dquiddintonhg@wikia.com,Male,100.59.246.244
630,David,Blodg,dblodghh@a8.net,Male,214.171.164.100
631,Brod,Sarney,bsarneyhi@biblegateway.com,Male,90.98.219.42
632,Fernanda,Shewon,fshewonhj@dropbox.com,Female,154.86.253.80
633,Mart,Carr,mcarrhk@weibo.com,Male,13.75.253.82
634,Kermy,Prescott,kprescotthl@fema.gov,Male,146.8.117.112
635,Bethina,Harburtson,bharburtsonhm@yandex.ru,Female,82.182.134.179
636,Lark,Heinecke,lheineckehn@senate.gov,Female,231.165.129.129
637,Jennette,Gurney,jgurneyho@census.gov,Female,244.70.208.130
638,Mame,Westoff,mwestoffhp@answers.com,Female,109.113.7.16
639,Fawn,Duxbury,fduxburyhq@smh.com.au,Female,18.220.17.11
640,Roxanne,Gellion,rgellionhr@gravatar.com,Bigender,12.237.93.77
641,Bert,Bourhill,bbourhillhs@angelfire.com,Male,188.229.195.25
642,Peri,Bearcroft,pbearcroftht@flickr.com,Female,77.144.120.182
643,Mal,Got,mgothu@usda.gov,Male,200.198.5.58
644,Ax,Niccolls,aniccollshv@springer.com,Male,0.151.220.129
645,Ferdinande,Horwell,fhorwellhw@vk.com,Female,142.130.88.12
646,Davis,Rowntree,drowntreehx@phoca.cz,Male,67.28.138.226
647,Creigh,Iannello,ciannellohy@woothemes.com,Male,124.221.219.201
648,Sena,Monkhouse,smonkhousehz@opera.com,Female,165.139.72.202
649,Daphna,Langthorn,dlangthorni0@goodreads.com,Female,238.167.1.97
650,Jaymie,Felstead,jfelsteadi1@eventbrite.com,Male,195.14.71.10
651,Roxana,O'Hdirscoll,rohdirscolli2@linkedin.com,Female,176.182.129.45
652,Patrica,Vest,pvesti3@1und1.de,Female,48.82.118.130
653,Wade,Morcombe,wmorcombei4@miitbeian.gov.cn,Genderqueer,145.26.134.205
654,Evangelin,Scotchmor,escotchmori5@tamu.edu,Female,23.174.153.111
655,Sharron,Meeus,smeeusi6@wsj.com,Female,199.8.251.37
656,Sheffield,Luchetti,sluchettii7@epa.gov,Genderfluid,235.163.160.214
657,Wald,Mallabone,wmallabonei8@bloglines.com,Male,79.36.215.113
658,Audie,Sprulls,asprullsi9@angelfire.com,Female,69.198.204.95
659,Orville,McGifford,omcgiffordia@sbwire.com,Male,253.184.16.26
660,Jed,Bellord,jbellordib@comcast.net,Male,22.197.9.168
661,Axel,Jersh,ajershic@wired.com,Polygender,86.12.0.69
662,Rubi,Turone,rturoneid@who.int,Female,13.152.99.219
663,Katina,Causby,kcausbyie@earthlink.net,Genderqueer,219.40.7.1
664,Hilary,Davy,hdavyif@slashdot.org,Female,181.167.238.245
665,Roxanna,Jandak,rjandakig@moonfruit.com,Female,222.103.39.142
666,Minda,Thornber,mthornberih@baidu.com,Female,199.217.86.41
667,Caitrin,Sigars,csigarsii@alexa.com,Polygender,61.18.122.58
668,Katti,Paylie,kpaylieij@sun.com,Female,220.172.148.218
669,Leon,Moorrud,lmoorrudik@friendfeed.com,Male,199.180.232.2
670,Vernen,Zahor,vzahoril@histats.com,Male,74.197.167.228
671,Guenna,Marrow,gmarrowim@etsy.com,Female,82.55.46.232
672,Oliver,Sarchwell,osarchwellin@fc2.com,Male,179.228.167.250
673,Franky,Megarrell,fmegarrellio@issuu.com,Male,13.129.168.186
674,Alyda,Puller,apullerip@gnu.org,Female,244.114.95.67
675,Lora,McAmish,lmcamishiq@reddit.com,Female,145.135.211.12
676,Cad,Salvadori,csalvadoriir@dailymail.co.uk,Male,191.106.122.134
677,Alfi,Myhill,amyhillis@canalblog.com,Female,244.10.26.128
678,Mead,Robichon,mrobichonit@yahoo.com,Genderqueer,160.252.121.142
679,Cleo,Dron,cdroniu@bbc.co.uk,Female,140.68.138.163
680,Woodman,Luggar,wluggariv@newyorker.com,Male,160.141.253.201
681,Kathlin,Follin,kfolliniw@yellowpages.com,Female,131.232.53.65
682,Cloris,Lindbergh,clindberghix@wisc.edu,Female,202.230.47.123
683,Fredia,Najafian,fnajafianiy@bandcamp.com,Female,144.65.70.193
684,Valentin,Lowy,vlowyiz@merriam-webster.com,Male,217.0.140.25
685,Ermina,Hamel,ehamelj0@arstechnica.com,Female,62.59.159.115
686,Marcy,Dyter,mdyterj1@xing.com,Female,99.148.107.140
687,Sonni,Garbutt,sgarbuttj2@wordpress.org,Female,147.186.104.13
688,Coral,Whalebelly,cwhalebellyj3@webnode.com,Female,17.103.206.124
689,Ynez,Duferie,yduferiej4@ca.gov,Female,18.16.143.239
690,Rodina,Tribble,rtribblej5@businesswire.com,Female,5.73.10.180
691,Ingrid,Tiddy,itiddyj6@ow.ly,Female,43.188.175.205
692,Rowney,Farlambe,rfarlambej7@wikimedia.org,Male,196.163.242.208
693,Ansel,Kunc,akuncj8@a8.net,Polygender,26.46.4.195
694,Ketti,Feldheim,kfeldheimj9@google.fr,Female,40.48.205.20
695,Marna,Arnal,marnalja@vimeo.com,Female,213.148.46.230
696,Cordelia,Metzel,cmetzeljb@deliciousdays.com,Female,247.152.160.209
697,Bryce,Garvan,bgarvanjc@cdc.gov,Male,155.138.224.126
698,Valida,Dumsday,vdumsdayjd@ucla.edu,Female,96.224.5.176
699,Lavinia,Kopta,lkoptaje@vinaora.com,Genderqueer,198.100.160.204
700,Myrtice,Zealander,mzealanderjf@google.co.uk,Female,20.15.85.49
701,Earlie,Popping,epoppingjg@comcast.net,Male,120.204.128.5
702,Misha,Matiasek,mmatiasekjh@spotify.com,Female,170.116.34.57
703,Druci,Pepon,dpeponji@cnet.com,Female,245.200.161.56
704,Nelia,Alcorn,nalcornjj@nih.gov,Female,189.219.91.128
705,Andria,Carass,acarassjk@instagram.com,Female,188.108.12.25
706,Berkeley,Bielby,bbielbyjl@istockphoto.com,Male,123.181.73.55
707,Oran,Gatlin,ogatlinjm@printfriendly.com,Male,53.22.251.182
708,Kasper,Farraway,kfarrawayjn@nydailynews.com,Male,172.100.171.146
709,Irv,McCuaig,imccuaigjo@com.com,Male,180.94.115.128
710,Trula,Boles,tbolesjp@is.gd,Female,24.2.159.180
711,Margette,Olohan,molohanjq@walmart.com,Female,64.166.219.36
712,Corrie,Crowther,ccrowtherjr@pbs.org,Male,238.238.185.164
713,Corliss,Siggery,csiggeryjs@npr.org,Female,42.236.138.177
714,Waverley,Hebbes,whebbesjt@google.com.hk,Male,244.212.220.49
715,Elysee,Wayon,ewayonju@rakuten.co.jp,Female,103.171.116.151
716,Trudy,Coulthart,tcoulthartjv@pbs.org,Female,89.8.207.206
717,Hal,Bendel,hbendeljw@pinterest.com,Male,38.208.92.83
718,Chiquita,Calladine,ccalladinejx@tmall.com,Female,105.105.146.55
719,Vyky,Whitaker,vwhitakerjy@skype.com,Female,9.247.42.58
720,Hiram,Sheekey,hsheekeyjz@army.mil,Male,26.100.231.67
721,Darius,McCandless,dmccandlessk0@merriam-webster.com,Male,225.228.189.57
722,Barnaby,MacCorley,bmaccorleyk1@tuttocitta.it,Male,177.116.108.43
723,Lydia,Neve,lnevek2@cmu.edu,Female,25.71.188.178
724,Hyatt,Casperri,hcasperrik3@theguardian.com,Male,179.158.127.57
725,Hyatt,Ackhurst,hackhurstk4@google.com.hk,Male,238.191.7.91
726,Jinny,Kynder,jkynderk5@earthlink.net,Female,248.13.91.190
727,Malvin,Turle,mturlek6@noaa.gov,Male,247.22.84.49
728,Floria,Wraith,fwraithk7@washingtonpost.com,Female,241.191.28.214
729,Damon,Mourant,dmourantk8@washington.edu,Agender,206.158.188.199
730,Kimberlyn,Brimner,kbrimnerk9@domainmarket.com,Female,29.40.148.153
731,Aldwin,Truse,atruseka@timesonline.co.uk,Male,51.209.111.207
732,Lulu,Pecha,lpechakb@behance.net,Female,100.242.129.50
733,Ari,Houseman,ahousemankc@paypal.com,Male,208.79.242.35
734,Feodor,Bulpitt,fbulpittkd@wikispaces.com,Male,106.153.230.151
735,Prue,Brakespear,pbrakespearke@bandcamp.com,Female,81.169.23.214
736,Thaddeus,Wardel,twardelkf@mapquest.com,Male,59.118.185.161
737,Marquita,Durant,mdurantkg@freewebs.com,Female,238.200.137.175
738,Welsh,Bickersteth,wbickerstethkh@infoseek.co.jp,Male,102.49.171.161
739,Dyan,Newnham,dnewnhamki@cocolog-nifty.com,Female,199.19.230.123
740,Isak,Billett,ibillettkj@dropbox.com,Male,0.192.105.182
741,Aimil,Oxborough,aoxboroughkk@ibm.com,Female,188.47.55.32
742,Berni,Attride,battridekl@youtube.com,Female,211.31.101.1
743,Nikolia,Jindrich,njindrichkm@vkontakte.ru,Female,199.5.102.34
744,Blair,Jozsef,bjozsefkn@amazon.co.uk,Genderqueer,202.48.137.217
745,Tad,Klimochkin,tklimochkinko@yahoo.com,Male,25.127.2.142
746,Korney,Faint,kfaintkp@behance.net,Female,88.55.214.161
747,Cassandre,Bampton,cbamptonkq@ft.com,Female,113.228.178.215
748,Meriel,Neligan,mneligankr@dion.ne.jp,Female,77.39.0.22
749,Michaeline,Lashmar,mlashmarks@apache.org,Female,66.91.245.76
750,Roth,Heintze,rheintzekt@epa.gov,Male,105.74.20.145
751,Arvy,Katz,akatzku@pbs.org,Male,205.125.168.89
752,Trip,Sarah,tsarahkv@nifty.com,Male,105.195.184.17
753,Inigo,Frankton,ifranktonkw@ftc.gov,Non-binary,44.157.222.24
754,Delainey,Lornsen,dlornsenkx@cnet.com,Male,58.159.232.24
755,Alvinia,Volett,avolettky@bigcartel.com,Female,191.72.29.26
756,Dav,Millhill,dmillhillkz@home.pl,Male,136.125.49.164
757,Lalo,Cherrington,lcherringtonl0@people.com.cn,Male,220.250.238.211
758,Shaun,O'Sharkey,sosharkeyl1@last.fm,Male,206.60.240.186
759,Thacher,Guilleton,tguilletonl2@dailymail.co.uk,Male,193.143.175.235
760,Derward,Norgan,dnorganl3@blog.com,Male,186.48.1.184
761,Phylys,Swainger,pswaingerl4@guardian.co.uk,Female,220.168.53.45
762,Baxie,Emma,bemmal5@yelp.com,Male,59.124.177.113
763,Chlo,Paudin,cpaudinl6@xinhuanet.com,Female,50.184.35.96
764,Sonni,Sicily,ssicilyl7@oakley.com,Female,85.172.102.179
765,Laird,Priestland,lpriestlandl8@newyorker.com,Male,219.11.58.52
766,Noah,Flament,nflamentl9@gizmodo.com,Male,136.156.214.163
767,Raynard,Roos,rroosla@surveymonkey.com,Male,167.59.166.152
768,Davon,Slobom,dslobomlb@sciencedaily.com,Male,30.54.97.39
769,Marnie,Cosins,mcosinslc@php.net,Female,13.22.65.95
770,Livvie,Lovell,llovellld@arstechnica.com,Female,246.95.236.39
771,Alexis,Emsley,aemsleyle@yelp.com,Male,101.42.56.170
772,Conan,Gartsyde,cgartsydelf@miitbeian.gov.cn,Male,123.83.235.131
773,Ada,Cantu,acantulg@disqus.com,Female,209.122.46.41
774,Sylas,Edmands,sedmandslh@acquirethisname.com,Male,123.2.222.57
775,Rina,Michurin,rmichurinli@sciencedaily.com,Female,42.200.141.217
776,Berkeley,Beekman,bbeekmanlj@shutterfly.com,Male,239.21.189.87
777,Elva,Bordman,ebordmanlk@list-manage.com,Female,64.238.90.54
778,Granville,Jackways,gjackwaysll@salon.com,Male,91.244.95.125
779,Sascha,Wortt,sworttlm@examiner.com,Female,147.211.18.18
780,Stafani,Boldero,sbolderoln@bandcamp.com,Female,4.91.45.105
781,Gabi,Di Maggio,gdimaggiolo@eepurl.com,Female,244.73.103.184
782,Claudianus,MacKimm,cmackimmlp@multiply.com,Male,64.143.134.26
783,Nico,Pymer,npymerlq@storify.com,Male,206.33.109.253
784,Jesse,Croci,jcrocilr@china.com.cn,Male,29.213.171.65
785,Esmaria,Bulcock,ebulcockls@buzzfeed.com,Female,248.222.150.71
786,Roderich,Christopher,rchristopherlt@tripod.com,Polygender,124.245.34.42
787,Bale,Wakley,bwakleylu@gov.uk,Male,169.172.183.16
788,Niven,Bramo,nbramolv@amazon.com,Male,90.46.160.58
789,Bancroft,Boch,bbochlw@constantcontact.com,Male,250.12.45.96
790,Sissie,Yurchishin,syurchishinlx@wsj.com,Female,165.120.241.10
791,Tamarra,Atyeo,tatyeoly@hugedomains.com,Female,212.113.154.115
792,Emmett,Whiteland,ewhitelandlz@yandex.ru,Male,170.195.234.210
793,Waylen,Paggitt,wpaggittm0@geocities.com,Male,93.26.153.209
794,Lani,Donet,ldonetm1@oaic.gov.au,Female,77.88.247.71
795,Janelle,Dunstan,jdunstanm2@symantec.com,Female,45.139.219.234
796,Evelyn,Hold,eholdm3@hao123.com,Female,165.245.137.27
797,Hodge,Mangenot,hmangenotm4@macromedia.com,Male,215.115.92.26
798,Yuri,Kilmurry,ykilmurrym5@princeton.edu,Bigender,176.5.30.160
799,Joyous,Spilsted,jspilstedm6@theguardian.com,Female,230.174.35.175
800,Codi,O'Cahill,cocahillm7@cmu.edu,Male,166.106.56.116
801,Birk,Squier,bsquierm8@aboutads.info,Male,232.33.245.136
802,Marika,Eshelby,meshelbym9@creativecommons.org,Female,69.4.85.228
803,Lothario,Straker,lstrakerma@mysql.com,Male,214.125.225.150
804,Ashley,Sealeaf,asealeafmb@si.edu,Genderfluid,195.98.2.144
805,Libbie,Eastmond,leastmondmc@yelp.com,Female,182.135.148.204
806,Antin,Treen,atreenmd@nyu.edu,Non-binary,139.236.245.255
807,Theresa,Tomaszynski,ttomaszynskime@wsj.com,Polygender,253.73.158.176
808,Towney,Donizeau,tdonizeaumf@ftc.gov,Male,220.115.35.255
809,Paige,Cuphus,pcuphusmg@forbes.com,Male,226.23.153.161
810,Sheela,Curbishley,scurbishleymh@exblog.jp,Female,73.167.203.240
811,Royce,Raulin,rraulinmi@marriott.com,Male,38.118.55.185
812,Bastien,Igglesden,bigglesdenmj@bing.com,Male,18.145.180.158
813,Ketti,O'Loughlin,koloughlinmk@booking.com,Female,195.72.37.113
814,Rori,Slym,rslymml@nytimes.com,Bigender,21.48.251.64
815,Carolann,Burrel,cburrelmm@histats.com,Female,103.159.6.54
816,Annabela,Watkinson,awatkinsonmn@skype.com,Female,196.249.104.81
817,Winny,Catherall,wcatherallmo@amazon.com,Female,177.142.217.4
818,Angelita,Calbert,acalbertmp@google.cn,Female,95.89.174.219
819,Starlene,Winship,swinshipmq@boston.com,Female,137.132.194.165
820,Rebekkah,Spellard,rspellardmr@de.vu,Female,172.34.107.186
821,Bettye,Florence,bflorencems@aol.com,Female,14.60.171.11
822,Justino,Trayes,jtrayesmt@mozilla.org,Male,32.95.48.231
823,Justus,Pischel,jpischelmu@ifeng.com,Male,216.113.179.188
824,Marnia,Alsina,malsinamv@github.io,Female,28.103.34.64
825,Pablo,Kenwright,pkenwrightmw@linkedin.com,Male,196.14.113.254
826,Orella,Coping,ocopingmx@dyndns.org,Female,186.210.142.94
827,Helge,Chipps,hchippsmy@tripod.com,Female,170.17.126.33
828,Nels,Fanstone,nfanstonemz@de.vu,Genderqueer,142.143.213.105
829,Peadar,Workes,pworkesn0@nba.com,Male,103.155.56.52
830,Carrie,Voff,cvoffn1@networksolutions.com,Female,168.92.195.34
831,Conchita,Brawn,cbrawnn2@craigslist.org,Female,73.16.145.121
832,Zola,Tetley,ztetleyn3@eepurl.com,Female,3.0.8.73
833,Freddy,Allain,fallainn4@cdc.gov,Female,101.12.207.80
834,Tod,Bletso,tbletson5@icq.com,Male,28.166.185.203
835,Humphrey,Ryce,hrycen6@nih.gov,Male,119.82.84.200
836,Marybelle,Tyce,mtycen7@com.com,Female,77.65.66.98
837,Jard,Busfield,jbusfieldn8@friendfeed.com,Male,193.29.246.160
838,Blake,Kneesha,bkneeshan9@rakuten.co.jp,Female,27.103.61.87
839,Kinsley,De Brett,kdebrettna@clickbank.net,Male,216.192.152.87
840,Tish,Iacopo,tiacoponb@furl.net,Female,33.140.226.129
841,Sarine,Ladson,sladsonnc@parallels.com,Female,15.80.37.80
842,Oralia,O'Canavan,oocanavannd@mlb.com,Female,224.56.70.159
843,Nicholle,Lerwill,nlerwillne@fda.gov,Female,247.40.26.238
844,Dione,Heintze,dheintzenf@theatlantic.com,Female,191.196.3.48
845,Amitie,Pratten,aprattenng@github.io,Female,8.116.132.255
846,Artemus,Clitheroe,aclitheroenh@dailymotion.com,Male,179.95.244.68
847,Gypsy,Pickering,gpickeringni@netscape.com,Female,99.40.244.31
848,Ysabel,Pearce,ypearcenj@baidu.com,Female,246.12.23.57
849,Jermaine,Pendrill,jpendrillnk@woothemes.com,Female,214.4.167.160
850,Laureen,Shoppee,lshoppeenl@gnu.org,Female,140.50.43.15
851,Morey,Daveley,mdaveleynm@nasa.gov,Male,10.26.115.247
852,Jeffry,Thorwarth,jthorwarthnn@technorati.com,Male,107.246.105.158
853,Vassili,Earlam,vearlamno@miibeian.gov.cn,Male,88.241.207.82
854,Antons,Muglestone,amuglestonenp@vkontakte.ru,Male,211.189.65.159
855,Frederico,Cridge,fcridgenq@senate.gov,Male,5.39.253.213
856,Ethelred,Giraths,egirathsnr@ehow.com,Male,90.177.123.53
857,Daniele,Benazet,dbenazetns@skype.com,Female,70.69.45.234
858,Karleen,Tomasi,ktomasint@auda.org.au,Female,102.119.138.31
859,Maddie,Langtry,mlangtrynu@behance.net,Female,83.151.0.31
860,Odette,Sellstrom,osellstromnv@indiatimes.com,Female,122.181.139.43
861,Phyllida,Adamczewski,padamczewskinw@yolasite.com,Female,29.43.60.65
862,Joelynn,Redmell,jredmellnx@imgur.com,Female,11.112.44.233
863,Aguste,Leiden,aleidenny@tripod.com,Male,51.236.213.237
864,Papageno,Karpushkin,pkarpushkinnz@wsj.com,Male,184.12.83.187
865,Kyla,Drinnan,kdrinnano0@mapy.cz,Female,105.129.120.19
866,Viola,Lapree,vlapreeo1@state.gov,Female,217.211.48.165
867,Lila,Rickersey,lrickerseyo2@shutterfly.com,Female,23.38.160.170
868,Florrie,Greatrex,fgreatrexo3@skyrock.com,Female,213.51.109.100
869,Jason,Shorie,jshorieo4@goo.gl,Male,49.235.49.220
870,Peter,Chalkly,pchalklyo5@mlb.com,Genderqueer,177.64.79.235
871,Aristotle,Statersfield,astatersfieldo6@posterous.com,Male,119.159.254.159
872,Mervin,Goby,mgobyo7@patch.com,Male,251.55.154.122
873,Hamilton,Ilyuchyov,hilyuchyovo8@t-online.de,Bigender,218.65.103.232
874,Merna,Verni,mvernio9@taobao.com,Female,198.105.249.73
875,Elna,Faveryear,efaveryearoa@ow.ly,Agender,87.70.163.188
876,Randi,Esslemont,resslemontob@cbc.ca,Male,237.147.234.67
877,Emyle,Byard,ebyardoc@a8.net,Female,217.238.245.48
878,Queenie,Drewitt,qdrewittod@microsoft.com,Female,137.174.51.168
879,Jody,Baudins,jbaudinsoe@uol.com.br,Female,185.12.158.214
880,Humbert,Baison,hbaisonof@over-blog.com,Male,65.7.2.181
881,Alysa,Cranmor,acranmorog@typepad.com,Female,90.23.70.154
882,Jason,Money,jmoneyoh@t-online.de,Male,219.176.116.28
883,Norbie,Castellan,ncastellanoi@ameblo.jp,Polygender,209.171.63.231
884,Ethelbert,Pockey,epockeyoj@domainmarket.com,Male,197.97.121.162
885,Rudie,Aleshkov,raleshkovok@tiny.cc,Male,135.93.186.40
886,Anna-diane,Yewdale,ayewdaleol@columbia.edu,Female,34.227.187.100
887,Emmott,Berrow,eberrowom@yandex.ru,Agender,176.224.244.19
888,Gill,Josskovitz,gjosskovitzon@plala.or.jp,Male,152.149.9.88
889,Marin,Simon,msimonoo@ebay.com,Female,50.121.201.189
890,Humfrey,Gwinnell,hgwinnellop@sfgate.com,Male,236.45.191.248
891,Lorilee,Newbury,lnewburyoq@feedburner.com,Bigender,169.115.123.207
892,Oliviero,Elcoate,oelcoateor@youku.com,Male,202.122.81.199
893,Dirk,Pixton,dpixtonos@sourceforge.net,Male,173.209.23.111
894,Maryann,Rolph,mrolphot@photobucket.com,Female,241.153.247.155
895,Erin,Maffulli,emaffulliou@altervista.org,Male,145.142.179.162
896,Lorne,Notley,lnotleyov@wsj.com,Male,92.0.141.237
897,Gayler,Fursland,gfurslandow@skyrock.com,Male,103.34.95.204
898,Gerome,Alexsandrowicz,galexsandrowiczox@ucoz.com,Bigender,39.108.148.175
899,Mignonne,Rizzi,mrizzioy@indiatimes.com,Female,245.110.84.103
900,Christin,Bremley,cbremleyoz@mashable.com,Female,73.204.128.140
901,Katine,Ortells,kortellsp0@g.co,Female,133.122.228.139
902,Nevin,Winspare,nwinsparep1@bluehost.com,Male,207.192.79.149
903,Ortensia,Kwietek,okwietekp2@deviantart.com,Female,246.190.118.118
904,Ezekiel,Dmitr,edmitrp3@gmpg.org,Male,147.20.230.36
905,Waldon,Lavers,wlaversp4@macromedia.com,Male,32.243.138.250
906,Ario,Cinnamond,acinnamondp5@dailymotion.com,Male,83.72.253.96
907,Tammie,Stanluck,tstanluckp6@sourceforge.net,Female,130.38.174.89
908,Leticia,Vasyutochkin,lvasyutochkinp7@arstechnica.com,Female,228.186.130.1
909,Benjamin,Shorter,bshorterp8@spiegel.de,Male,118.245.39.29
910,Fransisco,Colbert,fcolbertp9@ft.com,Male,114.164.33.58
911,Ange,MacPeake,amacpeakepa@java.com,Bigender,125.200.197.193
912,Hetti,Onion,honionpb@homestead.com,Female,205.82.125.186
913,Ansell,Choldcroft,acholdcroftpc@digg.com,Male,116.209.217.180
914,Preston,Morrad,pmorradpd@paypal.com,Male,137.224.219.177
915,Sherie,Giddons,sgiddonspe@bing.com,Female,145.66.255.3
916,Zelma,Oene,zoenepf@foxnews.com,Female,164.149.86.62
917,Stephana,Meco,smecopg@spotify.com,Female,171.219.131.105
918,Joe,Tart,jtartph@virginia.edu,Male,123.46.105.78
919,Leelah,Osbiston,losbistonpi@google.com.br,Female,100.97.122.192
920,Gerek,Halsho,ghalshopj@google.de,Male,195.65.61.89
921,Gabrielle,Portman,gportmanpk@over-blog.com,Female,172.179.237.41
922,Cameron,Antonoyev,cantonoyevpl@mapy.cz,Male,150.237.38.234
923,Haley,Heyns,hheynspm@goodreads.com,Agender,100.104.217.55
924,Katya,Semple,ksemplepn@dyndns.org,Female,17.225.23.24
925,Bartel,Vaudre,bvaudrepo@utexas.edu,Male,214.171.71.33
926,Fae,Cicero,fciceropp@wiley.com,Female,234.73.176.115
927,Davey,Tichner,dtichnerpq@taobao.com,Male,104.172.179.203
928,Carroll,Confort,cconfortpr@bbb.org,Male,70.86.17.47
929,Olenolin,Popeley,opopeleyps@yolasite.com,Male,216.100.31.78
930,Rouvin,Yushkov,ryushkovpt@answers.com,Male,180.218.74.208
931,Clemence,Beresford,cberesfordpu@theglobeandmail.com,Female,152.170.246.80
932,Annecorinne,Penk,apenkpv@economist.com,Female,30.111.193.181
933,Madelaine,Dinsey,mdinseypw@businessweek.com,Female,140.117.133.180
934,Laurent,Sussex,lsussexpx@barnesandnoble.com,Male,216.38.198.156
935,Ashbey,Yoslowitz,ayoslowitzpy@indiegogo.com,Male,122.255.169.8
936,Baxie,Semorad,bsemoradpz@cmu.edu,Male,145.135.1.83
937,Charlean,Wyne,cwyneq0@hud.gov,Female,215.59.183.57
938,Alisun,Vauter,avauterq1@google.co.jp,Female,212.237.106.57
939,Boycey,Langland,blanglandq2@studiopress.com,Male,157.213.124.66
940,Korney,Mattityahou,kmattityahouq3@amazon.co.uk,Female,112.141.127.103
941,Karlotte,Mulliner,kmullinerq4@amazon.co.jp,Female,232.199.118.89
942,Marcile,McMillan,mmcmillanq5@ocn.ne.jp,Female,62.125.188.244
943,Josepha,Flipek,jflipekq6@rambler.ru,Female,20.238.246.251
944,Meredithe,Tailour,mtailourq7@xinhuanet.com,Female,193.145.107.170
945,Charmane,Antognetti,cantognettiq8@sogou.com,Female,151.193.167.253
946,Tony,Bestman,tbestmanq9@quantcast.com,Male,200.207.32.203
947,Adler,Kitto,akittoqa@spiegel.de,Male,101.198.55.207
948,Norry,Croasdale,ncroasdaleqb@printfriendly.com,Genderqueer,36.255.168.111
949,Gerry,Lulham,glulhamqc@google.com.au,Female,208.104.197.193
950,Talia,Von Gladbach,tvongladbachqd@wikimedia.org,Female,243.109.253.115
951,Cate,Fronczak,cfronczakqe@weebly.com,Female,182.70.163.165
952,Corabella,Asp,caspqf@hc360.com,Genderfluid,70.149.14.67
953,Adler,Vondra,avondraqg@fda.gov,Male,102.54.197.52
954,Marla,Beeswing,mbeeswingqh@wikia.com,Female,70.127.130.196
955,Waldemar,Jaulmes,wjaulmesqi@4shared.com,Male,253.149.9.80
956,Sauveur,Huddles,shuddlesqj@globo.com,Male,202.114.127.134
957,Willetta,Krolman,wkrolmanqk@theglobeandmail.com,Female,156.137.249.44
958,Blinni,Woodrow,bwoodrowql@aboutads.info,Female,36.166.247.183
959,Wade,Spurdens,wspurdensqm@nymag.com,Genderqueer,103.15.159.104
960,Farrand,Cuell,fcuellqn@wordpress.com,Female,119.27.105.151
961,Devlen,Montfort,dmontfortqo@xing.com,Male,10.176.149.227
962,Leland,Meharg,lmehargqp@spotify.com,Female,61.250.178.177
963,Polly,D'Alwis,pdalwisqq@yandex.ru,Female,176.108.82.107
964,Cynthy,Simner,csimnerqr@alibaba.com,Polygender,119.175.241.47
965,Kahlil,Wigg,kwiggqs@miitbeian.gov.cn,Male,119.76.25.250
966,Homer,Cellier,hcellierqt@pen.io,Male,143.40.32.220
967,Mollie,Drever,mdreverqu@paginegialle.it,Female,189.239.81.46
968,Christian,Aartsen,caartsenqv@vistaprint.com,Male,91.96.132.193
969,Stearne,Polack,spolackqw@comcast.net,Male,196.3.243.93
970,Tannie,Hirschmann,thirschmannqx@wired.com,Male,222.203.22.31
971,Shelbi,Joskowicz,sjoskowiczqy@mlb.com,Female,150.147.243.169
972,Guillermo,Laxson,glaxsonqz@360.cn,Male,211.197.132.117
973,Cindelyn,Kinman,ckinmanr0@dell.com,Female,239.27.169.63
974,Abbie,Wintour,awintourr1@wunderground.com,Male,233.44.52.141
975,Shannen,Shuttlewood,sshuttlewoodr2@ox.ac.uk,Female,171.74.211.74
976,Jayson,Scrane,jscraner3@java.com,Male,200.104.169.73
977,Clair,MacGeaney,cmacgeaneyr4@usatoday.com,Female,165.218.75.128
978,Ertha,Perell,eperellr5@livejournal.com,Bigender,17.251.149.121
979,Louella,Hatz,lhatzr6@desdev.cn,Female,150.22.20.66
980,Gigi,Gander,gganderr7@blogtalkradio.com,Female,129.207.12.117
981,Neron,Tewkesberrie,ntewkesberrier8@rambler.ru,Male,233.14.232.180
982,Marcy,Beevens,mbeevensr9@live.com,Bigender,172.123.138.155
983,Evaleen,MacCoveney,emaccoveneyra@prlog.org,Female,158.105.181.94
984,Danit,Jeakins,djeakinsrb@cbsnews.com,Female,167.73.0.101
985,Monique,Dohrmann,mdohrmannrc@dagondesign.com,Female,18.254.33.39
986,Evangelia,Selly,esellyrd@senate.gov,Female,125.91.227.241
987,Beatrisa,Lennarde,blennardere@gmpg.org,Female,104.248.8.1
988,Johnny,Fandrich,jfandrichrf@eepurl.com,Male,161.113.254.173
989,Jerrold,Connew,jconnewrg@google.com,Male,7.244.36.92
990,Murdock,Pietron,mpietronrh@edublogs.org,Male,151.24.189.249
991,Bree,Skewes,bskewesri@mapy.cz,Female,114.32.47.169
992,Kaleb,Gilks,kgilksrj@comcast.net,Male,37.150.253.132
993,Wren,Idenden,widendenrk@cbsnews.com,Female,156.128.249.216
994,Herculie,Jaray,hjarayrl@etsy.com,Male,52.217.208.171
995,Sylas,Dannell,sdannellrm@intel.com,Male,78.148.146.184
996,Juline,Pardy,jpardyrn@cdc.gov,Female,53.239.151.108
997,Dal,Sprake,dsprakero@wisc.edu,Male,143.250.245.168
998,Marquita,Clothier,mclothierrp@tumblr.com,Female,161.147.118.148
999,Hermine,Tather,htatherrq@yolasite.com,Female,36.18.185.11
1000,Jan,Brilleman,jbrillemanrr@dmoz.org,Female,193.139.17.155
